{"cameraMode":{"drawMode":0,"name":"Shaded","section":"Shading Mode"},"sceneLighting":true,"audioPlay":false,"sceneViewState":{"showFog":true,"showMaterialUpdate":false,"showSkybox":true,"showFlares":true,"showImageEffects":true,"showParticleSystems":true},"in2DMode":false,"pivot":{"x":25.906719207763673,"y":-9.900358200073243,"z":-2.434150218963623},"rotation":{"x":-0.1424502283334732,"y":-0.6953814029693604,"z":0.1436481773853302,"w":-0.6895790100097656},"size":19.734891891479493,"orthographic":false}