{"cameraMode":{"drawMode":0,"name":"Shaded","section":"Shading Mode"},"sceneLighting":true,"audioPlay":false,"sceneViewState":{"showFog":true,"showMaterialUpdate":false,"showSkybox":true,"showFlares":true,"showImageEffects":true,"showParticleSystems":true},"in2DMode":false,"pivot":{"x":1.1890478134155274,"y":1.2135827541351319,"z":6.13236141204834},"rotation":{"x":0.1827954798936844,"y":0.509955883026123,"z":-0.11189642548561096,"w":0.8330744504928589},"size":3.125736713409424,"orthographic":false}